<manifest alg="2" build="2018.1.1.386" opt="false" iceEnabled="true" iceMarkupVersion="2" iceEnabledOptions="link,responsive,cachebuster,textStyling" exportTarget="other" domain="earnatural.com" resolutions="1x" timestamp="1616630044552">
  <folder name="css">
    <file name="site_global.css" crc="444006867"/>
    <file name="index.css" crc="4236347651" ref="index"/>
  </folder>
  <folder name="scripts">
    <file name="jquery-1.8.3.min.js" crc="209076791" ref="index"/>
    <file name="museutils.js" crc="3939489907" ref="index"/>
    <file name="whatinput.js" crc="86476730" ref="index"/>
    <file name="museconfig.js" crc="3936894949" ref="index"/>
    <file name="jquery.watch.js" crc="522499760" ref="index"/>
    <file name="require.js" crc="4177726516" ref="index"/>
    <file name="jquery.musepolyfill.bgsize.js" crc="85124417" ref="index"/>
    <file name="jquery.scrolleffects.js" crc="312044820" ref="index"/>
  </folder>
  <folder name="images">
    <file name="blank.gif" crc="4208392903" ref="index"/>
    <file name="u916.png" crc="3984549257" ref="index"/>
    <file name="u916-r.png" crc="4000174051" ref="index"/>
    <file name="u916-m.png" crc="3933334856" ref="index"/>
    <file name="u919.png" crc="445974922" ref="index"/>
    <file name="u919-r.png" crc="279084127" ref="index"/>
    <file name="u919-m.png" crc="4243342946" ref="index"/>
    <file name="u1345-4.png" crc="438042618" ref="index"/>
    <file name="u6169-4.png" crc="4237968094" ref="index"/>
    <file name="u6170-4.png" crc="4054670173" ref="index"/>
    <file name="ear_natural_logo_vector_alt-01-u6171-fr.png" crc="3947050005" ref="index"/>
    <file name="u6162_states.png" crc="14796393" ref="index"/>
    <file name="u6162_states-r.png" crc="302295958" ref="index"/>
    <file name="u6162_states-m.png" crc="520183769" ref="index"/>
    <file name="eargraphic.jpg" crc="4140035608" ref="index">
      <caption webpage="index" alt=""/>
    </file>
    <file name="shutterstock_191307035.png" crc="303867537" seo="true" ref="index">
      <caption webpage="index" alt=""/>
    </file>
    <file name="shutterstock_410463943.png" crc="87465179" seo="true" ref="index">
      <caption webpage="index" alt=""/>
    </file>
    <file name="goldline_long.png" crc="3797262485" seo="true" ref="index">
      <caption webpage="index" alt=""/>
      <caption webpage="index" alt=""/>
      <caption webpage="index" alt=""/>
      <caption webpage="index" alt=""/>
      <caption webpage="index" alt=""/>
      <caption webpage="index" alt=""/>
    </file>
    <file name="comparechart.jpg" crc="63215680" ref="index">
      <caption webpage="index" alt=""/>
    </file>
    <file name="ear_natural_logo_vector_alt-01-u1306-fr.png" crc="3900976828" ref="index"/>
    <file name="box_front_03_24_2021_edit.jpg" crc="4142547944" ref="index">
      <caption webpage="index" alt=""/>
    </file>
  </folder>
  <file name="index.html" crc="4158037768" seo="true" mt="1616629926133" redirect="true"/>
</manifest>