<manifest alg="2" build="2018.1.1.386" opt="false" iceEnabled="true" iceMarkupVersion="2" iceEnabledOptions="link,responsive,cachebuster,textStyling" exportTarget="other" domain="test.earnatural.com.earnatural.com" resolutions="1x" timestamp="1621333840582">
  <folder name="css">
    <file name="site_global.css" crc="490804418"/>
    <file name="privacy-policy.css" crc="4049405811" ref="privacy-policy"/>
    <file name="index.css" crc="359041355" ref="index"/>
    <file name="nomq_index.css" crc="524306808" ref="index"/>
    <file name="terms-of-service.css" crc="441711428" ref="terms-of-service"/>
  </folder>
  <folder name="assets">
    <file name="natrulo-cease-and-desist-letter.pdf" crc="38591317" seo="true" mt="1618487134000"/>
  </folder>
  <folder name="scripts">
    <file name="jquery-1.8.3.min.js" crc="209076791" ref="phone>index:phone>privacy-policy:phone>terms-of-service:tablet>index:index:privacy-policy:terms-of-service"/>
    <file name="museutils.js" crc="3939489907" ref="phone>index:phone>privacy-policy:phone>terms-of-service:tablet>index:index:privacy-policy:terms-of-service"/>
    <file name="whatinput.js" crc="86476730" ref="phone>index:phone>privacy-policy:phone>terms-of-service:tablet>index:index:privacy-policy:terms-of-service"/>
    <file name="museconfig.js" crc="3936894949" ref="phone>index:phone>privacy-policy:phone>terms-of-service:tablet>index:index:privacy-policy:terms-of-service"/>
    <file name="jquery.musepolyfill.bgsize.js" crc="85124417" ref="phone>index:index"/>
    <file name="webpro.js" crc="3856315280" ref="phone>index:index"/>
    <file name="musewpdisclosure.js" crc="4294234138" ref="phone>index:index"/>
    <file name="musewpslideshow.js" crc="244150766" ref="phone>index:index"/>
    <file name="jquery.museoverlay.js" crc="3877667098" ref="phone>index:index"/>
    <file name="touchswipe.js" crc="3888935200" ref="phone>index:index"/>
    <file name="jquery.watch.js" crc="522499760" ref="phone>index:phone>privacy-policy:phone>terms-of-service:tablet>index:index:privacy-policy:terms-of-service"/>
    <file name="jquery.scrolleffects.js" crc="312044820" ref="phone>index:index"/>
    <file name="require.js" crc="4177726516" ref="phone>index:phone>privacy-policy:phone>terms-of-service:tablet>index:index:privacy-policy:terms-of-service"/>
    <file name="jquery.museresponsive.js" crc="95814420" ref="index"/>
  </folder>
  <folder name="images">
    <file name="hamburger_menu_icon-u31376-8-fr.png" crc="142602968" ref="phone>index"/>
    <file name="close_hmbgr_icon-u31376-8-a-fr.png" crc="470770105" ref="phone>index"/>
    <file name="ear_natural_logo_vector_alt-01-u31285-fr.png" crc="3874669895" ref="phone>index"/>
    <file name="box_front_03_24_2021_edit-u31362-fr.jpg" crc="4026243072" ref="phone>index"/>
    <file name="ear_natural_logo_vector_alt-01-u31321-fr.png" crc="40745055" ref="phone>index"/>
    <file name="goldline_long.png" crc="3797262485" seo="true" ref="phone>index:index">
      <caption webpage="index" alt=""/>
      <caption webpage="index" alt=""/>
      <caption webpage="index" alt=""/>
      <caption webpage="index" alt=""/>
      <caption webpage="index" alt=""/>
      <caption webpage="index" alt=""/>
      <caption webpage="index" alt=""/>
      <caption webpage="index" alt=""/>
      <caption webpage="index" alt=""/>
      <caption webpage="index" alt=""/>
      <caption webpage="index" alt=""/>
      <caption webpage="index" alt=""/>
      <caption webpage="index" alt=""/>
      <caption webpage="index" alt=""/>
      <caption webpage="index" alt=""/>
      <caption webpage="index" alt=""/>
      <caption webpage="index" alt=""/>
      <caption webpage="index" alt=""/>
      <caption webpage="index" alt=""/>
      <caption webpage="index" alt=""/>
      <caption webpage="index" alt=""/>
    </file>
    <file name="antibiotics335x467.jpg" crc="208660852" seo="true" ref="phone>index">
      <caption webpage="index" alt=""/>
    </file>
    <file name="vs_earnatural335x466.jpg" crc="3975784308" seo="true" ref="phone>index">
      <caption webpage="index" alt=""/>
    </file>
    <file name="shutterstock_1735899377cropped.png" crc="4015901055" seo="true" ref="phone>index:index">
      <caption webpage="index" alt=""/>
      <caption webpage="index" alt=""/>
      <caption webpage="index" alt=""/>
      <caption webpage="index" alt=""/>
      <caption webpage="index" alt=""/>
      <caption webpage="index" alt=""/>
    </file>
    <file name="shutterstock_191307035.png" crc="303867537" seo="true" ref="phone>index:index">
      <caption webpage="index" alt=""/>
      <caption webpage="index" alt=""/>
      <caption webpage="index" alt=""/>
      <caption webpage="index" alt=""/>
      <caption webpage="index" alt=""/>
      <caption webpage="index" alt=""/>
    </file>
    <file name="shutterstock_1946314876_cropped.png" crc="4110722887" seo="true" ref="phone>index:index">
      <caption webpage="index" alt=""/>
      <caption webpage="index" alt=""/>
      <caption webpage="index" alt=""/>
      <caption webpage="index" alt=""/>
      <caption webpage="index" alt=""/>
      <caption webpage="index" alt=""/>
    </file>
    <file name="gray_uparrow.svg" crc="224598536" ref="phone>index:index"/>
    <file name="gray_uparrow_poster_u29095.png" crc="4237551398" ref="phone>index:index"/>
    <file name="u32962-4.png" crc="33039388" ref="phone>terms-of-service"/>
    <file name="box_front_03_24_2021_edit.jpg" crc="4142547944" ref="index">
      <caption webpage="index" alt=""/>
      <caption webpage="index" alt=""/>
      <caption webpage="index" alt=""/>
    </file>
    <file name="eargraphic.png" crc="23982861" ref="index">
      <caption webpage="index" alt=""/>
      <caption webpage="index" alt=""/>
      <caption webpage="index" alt=""/>
      <caption webpage="index" alt=""/>
    </file>
    <file name="ear_natural_logo_vector_alt-01-u6171-fr.png" crc="299471757" ref="index"/>
    <file name="blank.gif" crc="4208392903" ref="index"/>
    <file name="u6162_states.png" crc="3879976056" ref="index"/>
    <file name="u6162_states-r.png" crc="138063417" ref="index"/>
    <file name="u6162_states-m.png" crc="161529600" ref="index"/>
    <file name="comparechart_800.jpg" crc="4237205624" ref="index" seo="true">
      <caption webpage="index" alt=""/>
      <caption webpage="index" alt=""/>
      <caption webpage="index" alt=""/>
      <caption webpage="index" alt=""/>
    </file>
    <file name="ear_natural_logo_vector_alt-01-u1306-fr.png" crc="3900976828" ref="index"/>
    <file name="u919.png" crc="445974922" ref="index"/>
    <file name="u919-r.png" crc="279084127" ref="index"/>
    <file name="u919-m.png" crc="4243342946" ref="index"/>
    <file name="u6170-4.png" crc="161927538" ref="index"/>
    <file name="ear_natural_logo_vector_alt-01-u6171-fr2.png" crc="4253417734" ref="index"/>
    <file name="u6162_states2.png" crc="3879976056" ref="index"/>
    <file name="u6162_states-r2.png" crc="138063417" ref="index"/>
    <file name="u6162_states-m2.png" crc="161529600" ref="index"/>
    <file name="ear_natural_logo_vector_alt-01-u1306-fr2.png" crc="3909563323" ref="index"/>
    <file name="u9192.png" crc="445974922" ref="index"/>
    <file name="u919-r2.png" crc="279084127" ref="index"/>
    <file name="u919-m2.png" crc="4243342946" ref="index"/>
    <file name="box_front_03_24_2021_edit-u1566-fr.jpg" crc="4177145268" ref="index"/>
    <file name="u9193.png" crc="4123217634" ref="index"/>
    <file name="u919-r3.png" crc="220298057" ref="index"/>
    <file name="u919-m3.png" crc="36337617" ref="index"/>
    <file name="u6170-42.png" crc="165724485" ref="index"/>
    <file name="ear_natural_logo_vector_alt-01-u6171-fr3.png" crc="382157629" ref="index"/>
    <file name="u6162_states3.png" crc="4165306018" ref="index"/>
    <file name="u6162_states-r3.png" crc="236454959" ref="index"/>
    <file name="u6162_states-m3.png" crc="303392861" ref="index"/>
    <file name="box_front_03_24_2021_edit-u1566-fr2.jpg" crc="4084146775" ref="index"/>
    <file name="u9194.png" crc="497892245" ref="index"/>
    <file name="u919-r4.png" crc="4255612142" ref="index"/>
    <file name="u919-m4.png" crc="526955081" ref="index"/>
    <file name="u6170-43.png" crc="4109367358" ref="index"/>
    <file name="ear_natural_logo_vector_alt-01-u6171-fr4.png" crc="477945414" ref="index"/>
    <file name="u6162_states4.png" crc="4165306018" ref="index"/>
    <file name="u6162_states-r4.png" crc="236454959" ref="index"/>
    <file name="u6162_states-m4.png" crc="303392861" ref="index"/>
    <file name="box_front_03_24_2021_edit-u1566-fr3.jpg" crc="4111559119" ref="index"/>
    <file name="u9195.png" crc="4123217634" ref="index"/>
    <file name="u919-r5.png" crc="220298057" ref="index"/>
    <file name="u919-m5.png" crc="36337617" ref="index"/>
    <file name="eargraphic-u9487-fr.png" crc="149943407" ref="index"/>
    <file name="u6170-44.png" crc="3828669256" ref="index"/>
    <file name="u6162_states5.png" crc="4165306018" ref="index"/>
    <file name="u6162_states-r5.png" crc="236454959" ref="index"/>
    <file name="u6162_states-m5.png" crc="303392861" ref="index"/>
    <file name="hamburger_menu_icon-u28675-8-fr.png" crc="110402030" ref="index"/>
    <file name="close_hmbgr_icon-u28675-8-a-fr.png" crc="476283736" ref="index"/>
    <file name="ear_natural_logo_vector_alt-01-u6171-fr5.png" crc="3768710227" ref="index"/>
    <file name="ear_natural_logo_vector_alt-01-u1306-fr3.png" crc="4077386644" ref="index"/>
    <file name="antibiotics.jpg" crc="3812212479" seo="true" ref="index">
      <caption webpage="index" alt=""/>
    </file>
    <file name="vs_earnatural.jpg" crc="445143838" seo="true" ref="index">
      <caption webpage="index" alt=""/>
    </file>
    <file name="u13200-4.png" crc="4066713082" ref="terms-of-service"/>
    <file name="u13201-213.png" crc="3932291798" ref="terms-of-service"/>
    <file name="comparechart_800467x318.jpg" crc="66279681" seo="true" ref="index">
      <caption webpage="index" alt=""/>
    </file>
  </folder>
  <folder name="tablet">
    <folder name="css">
      <file name="index.css" crc="3948741586" ref="tablet>index"/>
      <file name="nomq_index.css" crc="3824530138" ref="tablet>index"/>
    </folder>
    <file name="index.html" crc="427061920" seo="true" mt="1620818090797" redirect="false"/>
  </folder>
  <folder name="phone">
    <folder name="css">
      <file name="index.css" crc="509892619" ref="phone>index"/>
      <file name="nomq_index.css" crc="3824530138" ref="phone>index"/>
      <file name="terms-of-service.css" crc="167343397" ref="phone>terms-of-service"/>
      <file name="nomq_terms-of-service.css" crc="3824530138" ref="phone>terms-of-service"/>
      <file name="privacy-policy.css" crc="493532617" ref="phone>privacy-policy"/>
    </folder>
    <file name="index.html" crc="126645164" seo="true" mt="1621001284323" redirect="true"/>
    <file name="privacy-policy.html" crc="4115218434" seo="true" mt="1620961958068" redirect="true"/>
    <file name="terms-of-service.html" crc="340864274" seo="true" mt="1620962043216" redirect="true"/>
  </folder>
  <file name="index.html" crc="15943486" seo="true" mt="1621333800951" redirect="true"/>
  <file name="privacy-policy.html" crc="4157894857" seo="true" mt="1620989795235" redirect="true"/>
  <file name="terms-of-service.html" crc="491070523" seo="true" mt="1620989813411" redirect="true"/>
</manifest>